{
  "Otqkejy": 258553.0,
  "Eqsov": 846256.3632502931,
  "Ojdase": 378593.08646090364,
  "Uuhpsxa": 258553.0,
  "Irwik": 846256.3632502931,
  "Euzmhea": 378593.08646090364,
  "Ihdz": 258553.0,
  "Eszsvj": 846256.3632502931,
  "Uwpit": 378593.08646090364,
  "Eayu": 258553.0
}